current_folder,new_folder,review_note
E001_2025_河南开封市_期末_高三_英语,E001_2025_河南开封市_期末_高三_英语,
E002_2025_河南2月测评_期末_高三_英语,E002_2025_河南2月测评_期末_高三_英语,
E003_2026_26潍坊_一模_高三_英语,E003_2026_26潍坊_一模_高三_英语,
E005_2026_河北衡水市1月_期末_高三_英语,E005_2026_河北衡水市1月_期末_高三_英语,
E006_2025_福建福州市福州第一中学_开学考_高三_英语,E006_2025_福建福州市福州第一中学_开学考_高三_英语,
E007_2025_哈三中度学年第一次验收_考试_高三_英语,E007_2025_哈三中度学年第一次验收_考试_高三_英语,
E008_2025_四川成都市第七中学度二诊_模拟考试_高三_英语,E008_2025_四川成都市第七中学度二诊_模拟考试_高三_英语,
E009_2026_26一Y_月考_高三_英语,E009_2026_26一Y_月考_高三_英语,
E010_2025_福建厦门双十中学_开学考_高三_英语,E010_2025_福建厦门双十中学_开学考_高三_英语,
E011_2025_8月初_开学考_高三_英语,E011_2025_8月初_开学考_高三_英语,
E012_2026_湖北八校_一模_高三_英语,E012_2026_湖北八校_一模_高三_英语,
E014_2026_山东济南市山东实验中学第四次性_诊断考试_高三_英语,E014_2026_山东济南市山东实验中学第四次性_诊断考试_高三_英语,
E015_2026_山东济南市山东实验中学第四次性_诊断考试_高三_英语,E015_2026_山东济南市山东实验中学第四次性_诊断考试_高三_英语,
E016_2026_江西省景德镇_一模_高三_英语,E016_2026_江西省景德镇_一模_高三_英语,
E017_2025_江苏无锡市2月_期末_高三_英语,E017_2025_江苏无锡市2月_期末_高三_英语,
E018_2026_江苏南通市_一模_高三_英语,E018_2026_江苏南通市_一模_高三_英语,
E019_2026_浙江台州_一模_高三_英语,E019_2026_浙江台州_一模_高三_英语,
E021_2026_湖北湖北部分市州9月_一模_高三_英语,E021_2026_湖北湖北部分市州9月_一模_高三_英语,
E022_2026_河北百师联盟_一模_高三_英语,E022_2026_河北百师联盟_一模_高三_英语,
E023_2026_湘一名校联盟3月_考试_高三_英语,E023_2026_湘一名校联盟3月_考试_高三_英语,
E024_2026_未知来源_考试_高三_英语,E024_2026_未知来源_考试_高三_英语,
E025_2025_广东深圳中学顺德一中松山湖未来学校中山纪念中学港澳班第一_联考_高三_英语,E025_2025_广东深圳中学顺德一中松山湖未来学校中山纪念中学港澳班第一_联考_高三_英语,
E026_2026_“贵百河”8月考+_摸底考_高三_英语,E026_2026_“贵百河”8月考+_摸底考_高三_英语,
E027_2026_陕西高考二_适应性测试_高三_英语,E027_2026_陕西高考二_适应性测试_高三_英语,
E028_2026_山东济南市_一模_高三_英语,E028_2026_山东济南市_一模_高三_英语,
E029_2025_山西太原市学业_期末_高三_英语,E029_2025_山西太原市学业_期末_高三_英语,
E030_2026_江苏苏锡常镇教学情况一_调研_高三_英语,E030_2026_江苏苏锡常镇教学情况一_调研_高三_英语,
E031_2025_湖南长沙市雅礼中学_开学考_高三_英语,E031_2025_湖南长沙市雅礼中学_开学考_高三_英语,
E032_2026_未知来源_考试_高三_英语,E032_2026_未知来源_考试_高三_英语,
E033_2026_湖北武汉市高中毕业生三月_调研_高三_英语,E033_2026_湖北武汉市高中毕业生三月_调研_高三_英语,
E034_2025_山东枣庄市薛城区_期中_高二_英语,E034_2025_山东枣庄市薛城区_期中_高二_英语,
E035_2026_未知来源_考试_高三_英语,E035_2026_未知来源_考试_高三_英语,
E036_2025_湖南长沙市湖南师范大学附属中学8月_月考_高三_英语,E036_2025_湖南长沙市湖南师范大学附属中学8月_月考_高三_英语,
E037_2026_231_开学考_高三_英语,E037_2026_231_开学考_高三_英语,
E038_2025_江苏苏州市度_期末_高三_英语,E038_2025_江苏苏州市度_期末_高三_英语,
E039_2026_广东深圳市第一次_调研_高三_英语,E039_2026_广东深圳市第一次_调研_高三_英语,
E040_2025_山东青岛市度学业水平检测_期末_高三_英语,E040_2025_山东青岛市度学业水平检测_期末_高三_英语,
E041_2025_山东聊城市11月_期中_高一_英语,E041_2025_山东聊城市11月_期中_高一_英语,
E042_2026_浙江浙江“9+1”联盟_一模_高三_英语,E042_2026_浙江浙江“9+1”联盟_一模_高三_英语,
E043_2026_浙江宁波市宁波五地_一模_高三_英语,E043_2026_浙江宁波市宁波五地_一模_高三_英语,
E044_2025_湖南长沙市长郡中学_开学考_高三_英语,E044_2025_湖南长沙市长郡中学_开学考_高三_英语,
E045_2026_浙江温州市温州卷_一模_高三_英语,E045_2026_浙江温州市温州卷_一模_高三_英语,
E046_2025_湖北襄阳市第五中学8月二_月考_高三_英语,E046_2025_湖北襄阳市第五中学8月二_月考_高三_英语,
E047_2026_湖南长沙市天心区长沙市长郡中学3月预测_模拟考试_高三_英语,E047_2026_湖南长沙市天心区长沙市长郡中学3月预测_模拟考试_高三_英语,
E048_2026_重庆南开中学8月_开学考_高三_英语,E048_2026_重庆南开中学8月_开学考_高三_英语,
E049_2026_湖北黄冈中学9月平行班同步考_考试_高三_英语,E049_2026_湖北黄冈中学9月平行班同步考_考试_高三_英语,
E050_2025_山东泰安市_期中_高三_英语,E050_2025_山东泰安市_期中_高三_英语,
E051_2026_南京市外国语学校高中毕业班7月测评_摸底考_高三_英语,E051_2026_南京市外国语学校高中毕业班7月测评_摸底考_高三_英语,
E052_2026_徐州市1月教学质量评估_考试_高三_英语,E052_2026_徐州市1月教学质量评估_考试_高三_英语,
E053_2025_江西师范大学附属中学_开学考_高三_英语,E053_2025_江西师范大学附属中学_开学考_高三_英语,
E054_2025_南京盐城度_期末_高三_英语,E054_2025_南京盐城度_期末_高三_英语,
